Token;Aparicao
SIGNIFICANCE;[1, 74, 78]
PSEUDOMONAS;[1, 1, 1, 7, 8, 61, 61, 62, 62, 62, 62, 62, 79, 80, 81, 81, 81, 81, 82, 82, 82, 123, 123, 123, 148, 152, 159, 160, 161]
AERUGINOSA;[1, 1, 1, 6, 6, 6, 6, 6, 6, 7, 7, 7, 7, 7, 7, 8, 8, 8, 8, 8, 62, 79, 80, 80, 81, 123, 123, 148, 159, 159, 159, 160, 161, 161, 161]
INFECTION;[1, 1, 1, 6, 6, 6, 57, 62, 62, 62, 62, 62, 62, 81, 123, 160, 160, 160]
RESPIRATORY;[1, 1, 1, 6, 6, 7, 7, 8, 11, 11, 11, 15, 25, 25, 31, 80, 99, 148, 148, 159, 160, 160, 160, 160, 160]
TRACT;[1, 1, 1, 6, 6, 7, 7, 25, 31, 48, 80, 134, 152, 159, 160]
CYSTIC;[1, 2, 2, 3, 4, 6, 7, 7, 8, 8, 8, 9, 10, 10, 11, 13, 15, 15, 20, 21, 21, 22, 23, 23, 23, 24, 24, 26, 26, 26, 27, 28, 29, 29, 31, 32, 32, 38, 40, 40, 41, 43, 43, 43, 44, 44, 45, 45, 47, 47, 49, 50, 50, 51, 51, 51, 52, 52, 52, 53, 53, 53, 54, 55, 57, 57, 59, 61, 62, 64, 64, 64, 65, 65, 65, 65, 66, 68, 69, 69, 69, 69, 70, 70, 73, 73, 74, 74, 75, 78, 80, 80, 82, 85, 89, 92, 93, 93, 97, 97, 99, 99, 99, 100, 108, 113, 122, 122, 123, 127, 129, 137, 138, 138, 139, 140, 141, 141, 143, 143, 143, 143, 144, 148, 150, 151, 155, 155, 158, 159, 160, 160, 161, 166, 166, 166, 167]
FIBROSIS;[1, 2, 2, 3, 4, 6, 7, 7, 8, 8, 8, 9, 10, 10, 11, 13, 15, 15, 20, 21, 21, 22, 23, 23, 23, 24, 24, 26, 26, 26, 27, 28, 29, 29, 31, 32, 32, 38, 40, 40, 41, 43, 43, 43, 44, 44, 45, 45, 47, 47, 49, 50, 50, 51, 51, 51, 52, 52, 53, 53, 53, 54, 55, 57, 57, 59, 61, 62, 64, 64, 64, 65, 65, 65, 65, 66, 68, 69, 69, 69, 69, 70, 70, 73, 73, 74, 74, 75, 78, 80, 80, 82, 85, 89, 92, 93, 93, 97, 97, 99, 99, 99, 99, 99, 100, 108, 113, 122, 122, 123, 127, 129, 137, 138, 138, 139, 140, 141, 141, 143, 143, 143, 143, 144, 148, 150, 151, 155, 155, 158, 159, 160, 160, 161, 166, 166, 166, 167]
PATIENTS;[1, 1, 1, 1, 3, 3, 4, 4, 4, 5, 6, 6, 6, 6, 6, 7, 7, 7, 7, 7, 7, 7, 7, 7, 8, 8, 8, 8, 11, 11, 11, 11, 11, 13, 15, 21, 22, 23, 23, 23, 23, 23, 24, 24, 24, 24, 24, 24, 24, 24, 26, 26, 26, 27, 31, 31, 31, 31, 40, 42, 43, 43, 47, 49, 51, 51, 51, 52, 53, 55, 55, 55, 55, 55, 55, 55, 55, 55, 59, 59, 59, 61, 61, 62, 62, 62, 62, 62, 62, 62, 62, 62, 62, 62, 64, 65, 65, 68, 74, 80, 80, 80, 82, 82, 82, 85, 89, 89, 89, 89, 92, 93, 100, 100, 100, 100, 100, 100, 108, 113, 123, 124, 134, 137, 137, 139, 139, 139, 139, 140, 140, 140, 141, 141, 141, 141, 141, 141, 143, 143, 144, 144, 144, 144, 144, 144, 144, 144, 144, 144, 148, 149, 149, 150, 150, 150, 150, 151, 155, 156, 159, 159, 159, 159, 159, 160, 160, 160, 161, 166, 166, 167]
STUDIED;[1, 6, 11, 20, 20, 24, 29, 51, 52, 62, 64, 74, 89, 144, 145, 151, 151, 155]
MEANS;[1, 6, 7, 7, 62, 127, 151, 158]
IMMUNOELECTROPHORETICAL;[1]
ANALYSIS;[1, 3, 4, 31, 141, 151, 155, 158]
SERA;[1, 1, 7, 7, 48, 51, 51, 51, 55, 59, 59, 59, 59, 85, 122, 122, 122, 122, 150]
NUMBER;[1, 1, 1, 6, 6, 6, 7, 7, 7, 49, 49, 55, 64, 73, 73, 123, 124, 124, 139]
PRECIPITINS;[1, 1, 1, 1, 1, 1, 6, 6, 6, 7, 7, 7, 7, 7, 160, 160]
CONCENTRATIONS;[1, 1, 1, 2, 2, 40, 48, 52, 54, 55, 55, 55, 55, 55, 70, 92, 139]
SERUM;[1, 1, 1, 6, 11, 55, 55, 55, 55, 55, 55, 55, 55, 59, 61, 62, 62, 62, 62, 68, 85, 85, 85, 85, 85, 114, 114, 114, 140, 150, 150, 150, 150, 150, 152, 160, 160]
PROTEINS;[1, 1, 1, 1, 62]
ADDITION;[1, 44, 89, 137]
CLINICAL;[1, 8, 11, 13, 22, 27, 38, 48, 48, 50, 61, 61, 64, 82, 89, 93, 127, 141, 148, 159]
RADIOGRAPHICAL;[1]
STATUS;[1, 15, 15, 50, 55, 89]
LUNGS;[1, 62, 80, 93, 93, 93]
EVALUATED;[1, 24, 38, 65, 89, 150, 159]
USING;[1, 3, 15, 28, 47, 48, 49, 53, 66, 127, 131, 137, 137, 138]
SCORING;[1, 62]
SYSTEMS;[1, 62]
DEMONSTRATED;[1, 6, 99, 139, 148, 156, 167]
MAXIMUM;[1, 20, 24, 24, 70, 70, 74]
ONE;[1, 2, 3, 6, 7, 7, 8, 8, 13, 15, 41, 43, 47, 50, 66, 69, 70, 74, 80, 87, 100, 134, 141, 141, 141, 159]
SIGNIFICANTLY;[1, 6, 7, 7, 11, 47, 62, 62, 62, 85, 108, 123, 123, 144, 155, 160]
CHANGED;[1, 1]
COMPARED;[1, 11, 11, 73, 144, 150, 155, 167]
MATCHED;[1, 11, 52, 141]
CONTROL;[1, 5, 22, 22, 24, 26, 26, 41, 53, 53, 54, 70, 92, 113, 137, 140, 141, 141, 141, 141, 141, 141, 145]
PERSONS;[1, 65, 65]
NOTABLY;[1, 1]
IGG;[1, 11, 48, 55, 55, 81, 81, 85, 122, 160]
IGA;[1, 11, 55, 55, 85]
ELEVATED;[1, 11, 24, 40, 55, 55, 55, 59, 80, 139, 139]
ACUTE;[1, 1, 15, 50]
PHASE;[1, 1]
LATTER;[1, 134, 156]
SUGGESTING;[1, 1, 11, 55, 166]
ACTIVE;[1, 23]
TISSUE;[1, 1, 1, 100, 143]
DAMAGE;[1, 1, 55]
HAPTOGLOBIN;[1]
CORRELATED;[1, 6, 7, 47, 62, 64, 81, 89, 129, 155]
MANY;[1, 1, 8, 23, 24, 43, 89, 134, 156]
ACCOMPANIED;[1, 27]
RESULTS;[1, 7, 8, 24, 31, 64, 66, 79, 79, 81, 124, 138, 145, 145]
INDICATE;[1, 59, 97, 97]
PROTECTIVE;[1, 81]
VALUE;[1, 27, 38, 79, 79, 151]
SALIVARY;[2, 2, 2, 32, 137, 150, 150, 150]
AMYLASE;[2, 2, 2, 2, 2, 150, 150, 150, 150]
LEVELS;[2, 2, 2, 2, 11, 11, 22, 28, 35, 51, 51, 51, 52, 53, 55, 55, 59, 59, 61, 68, 139, 150, 152, 160]
DETERMINED;[2, 47, 48, 69, 75, 89, 92, 144]
NORMAL;[2, 2, 2, 2, 3, 11, 24, 24, 32, 35, 44, 44, 45, 48, 51, 51, 51, 52, 55, 55, 55, 55, 55, 55, 59, 65, 65, 65, 65, 65, 65, 65, 70, 70, 78, 108, 108, 113, 122, 122, 122, 122, 124, 124, 124, 134, 137, 137, 138, 138, 139, 139, 139, 140, 140, 140, 140, 140, 140, 140, 143, 143, 143, 143, 144, 144, 144, 149, 150, 150, 150, 150, 151, 151, 160, 160]
SUBJECTS;[2, 2, 22, 24, 26, 26, 28, 54, 70, 70, 122, 137, 137, 138, 140, 140, 141, 141, 144, 145, 150, 151]
BIRTH;[2, 2, 99, 148]
ADULT;[2, 2, 22, 26, 43, 70]
LIFE;[2, 3, 22, 65, 89, 145]
CHILDREN;[2, 2, 2, 2, 3, 3, 5, 5, 5, 5, 20, 20, 21, 21, 29, 29, 29, 43, 43, 43, 48, 48, 48, 48, 48, 48, 48, 48, 49, 51, 57, 64, 66, 68, 68, 69, 69, 69, 70, 70, 74, 75, 87, 92, 93, 93, 93, 97, 97, 100, 113, 127, 134, 149, 149, 155, 155, 159, 160, 160]
CONDITIONS;[2, 2, 9, 78, 78, 93, 122, 138, 138, 149, 158]
SOMETIMES;[2]
ASSOCIATED;[2, 7, 29, 41, 43, 44, 81, 82, 86, 86, 86, 86, 86, 122, 158]
LOW;[2, 2, 2, 5, 24, 24, 48, 48, 54, 55, 150]
PANCREATIC;[2, 5, 5, 21, 21, 38, 49, 68, 68, 68, 89, 89, 89, 89, 92, 92, 97, 129, 150, 150, 150, 150, 150, 150, 150, 150, 150]
MALNUTRITION;[2, 113, 145, 145, 148]
COELIAC;[2, 2, 5, 73, 73, 73, 73, 73, 73]
DISEASE;[2, 2, 5, 5, 11, 13, 20, 25, 27, 32, 38, 43, 47, 57, 62, 64, 69, 69, 70, 73, 73, 73, 73, 73, 73, 81, 93, 124, 129, 134, 141, 144, 148, 149, 155, 155, 156, 160]
MIXED;[2, 137, 137]
SALIVA;[2, 40, 40, 114, 137, 137, 137, 139, 139, 139, 139, 141]
COLLECTED;[2, 31, 65, 166]
CAREFULLY;[2, 137]
STANDARDISED;[2]
MEASURED;[2, 22, 24, 26, 49, 54, 87, 152]
METHOD;[2, 3, 3, 4, 4, 22, 28, 31, 35, 48, 65, 79, 79, 79, 87, 87, 87, 122, 150, 158, 158]
DAHLQVIST;[2]
WIDE;[2, 47]
SCATTER;[2]
VALUES;[2, 3, 24, 28, 65, 65, 65, 65, 108, 139, 139, 144]
ROSE;[2, 2, 2, 131, 149]
REACH;[2]
AGE;[2, 3, 3, 8, 8, 11, 22, 22, 22, 22, 27, 51, 51, 51, 51, 52, 59, 65, 65, 65, 65, 89, 89, 89, 93, 93, 99, 127, 141, 145, 145]
MONTHS;[2, 48, 86, 86, 93, 97, 155, 160]
YEAR;[2, 3, 7, 7, 8, 38, 152]
ACTIVITY;[2, 5, 5, 5, 5, 26, 26, 26, 52, 53, 54, 85, 93, 114, 114, 114, 124, 140, 140, 141, 141, 141, 141, 141, 141, 141, 141, 166, 166]
NORMALLY;[2]
TEN;[2, 55]
WEEKS;[2, 74, 148]
PREMATURE;[2]
INFANT;[2, 70, 99, 99, 134]
FED;[2, 97, 97]
MILK;[2, 5, 97, 97]
GASTROSTOMY;[2]
THIRTEEN;[2]
MOSTLY;[2]
SIX;[2, 61, 74, 75, 80, 141, 148]
MALNOURISHED;[2, 145]
JEJUNAL;[2]
VILLOUS;[2, 41]
ATROPHY;[2]
UNCERTAIN;[2]
AETIOLOGY;[2]
RECOVERY;[2]
BEGAN;[2]
ARTICLE;[3, 134]
REPORTS;[3, 52, 97, 97, 113, 140, 141]
POSSIBILITY;[3]
INSTRUMENTAL;[3, 4]
NEUTRON;[3, 4]
ACTIVATION;[3, 4]
INAA;[3, 3, 4, 4, 4]
SODIUM;[3, 4, 4, 4, 4, 4, 4, 4, 4, 66, 124, 124, 137, 137, 137]
NAIL;[3, 3, 3, 4, 4, 4, 4, 4, 4, 4]
CLIPPINGS;[3, 3, 3, 4, 4, 4, 4]
DIAGNOSING;[3, 149]
ADULTS;[3, 5, 5, 51, 64]
DETECTING;[3, 20, 38, 38]
HETEROZYGOTES;[3, 3, 3, 45, 55, 55, 85, 85, 108, 122, 138, 140]
SCREENING;[3, 3, 38, 38, 65, 69, 131]
NEONATAL;[3, 113]
PERIOD;[3, 7, 8, 8, 13, 22, 23, 38, 75, 131, 148]
NEWBORNS;[3, 3, 3, 13, 65, 158, 158]
TWO;[3, 11, 32, 47, 47, 54, 61, 65, 85, 122, 137, 138, 141, 141, 143, 150, 151]
HEALTHY;[3, 5, 5, 28, 48, 122, 149, 158]
CONTROLS;[3, 3, 4, 4, 5, 11, 52, 74, 74, 85, 92, 108, 144, 144, 145, 145, 167]
ANALYZED;[3, 143, 156]
DISCRIMINATION;[3]
FOUND;[3, 8, 22, 25, 26, 29, 29, 41, 48, 49, 51, 51, 51, 52, 62, 62, 62, 65, 65, 65, 65, 68, 78, 100, 100, 114, 114, 123, 134, 138, 143, 145, 149, 149, 149, 149]
PRECISE;[3, 4, 4, 87]
INDIVIDUALS;[3, 51, 138]
ACCEPTED;[3, 13]
DIAGNOSTIC;[3, 4, 69, 151]
TEST;[3, 24, 24, 28, 38, 65, 69, 69, 113, 144, 145, 145, 148]
COULD;[3, 7, 45, 52, 87, 123, 141, 150, 156, 167]
DETECTED;[3, 24, 38, 54, 55, 55, 55, 141, 141]
FIRST;[3, 22, 31, 31, 65, 69, 144, 145]
FIVE;[3, 21, 141, 145, 155, 160]
DAYS;[3, 61, 108]
BIG;[3]
OVERLAP;[3, 108]
MAKES;[3]
INVALUABLE;[3]
EARLY;[3, 31, 43, 57, 89, 113, 117, 144]
USED;[4, 4, 15, 35, 69, 79, 145, 148]
DEVELOPMENT;[4, 42, 74, 145, 145]
THREE;[4, 15, 55, 73, 75, 80, 86, 108, 127, 127, 144]
YEARS;[4, 22, 22, 22, 22, 29, 42, 48, 51, 51, 51, 65, 65, 65, 79, 89, 93, 145, 145, 155, 160]
OLD;[4, 48, 99]
SAMPLED;[4]
TESTS;[4, 11, 24, 48, 69, 131, 144, 152, 155]
DIFFERENT;[4, 28, 43]
ERRORS;[4]
RESULT;[4, 92]
STUDY;[4, 8, 28, 41, 43, 79, 80, 87, 93, 143]
COLLECTION;[4, 4, 150, 158]
ROUTINE;[4, 4, 20]
OUTLINED;[4]
EASILY;[4, 79]
WASHED;[4]
RISK;[4, 8]
CONTAMINATION;[4, 25]
NAILS;[4, 4, 4, 4]
SEEMS;[4, 4, 55, 139, 166]
SMALL;[4, 93, 100, 139, 144, 144, 150]
DISTRIBUTION;[4, 93, 93, 155]
INHOMOGENEOUS;[4]
CONTENT;[4, 5, 23, 31, 31, 31, 31, 31, 31, 45, 45, 166]
VARIES;[4]
ALSO;[4, 9, 35, 45, 78, 78, 78, 82, 86, 86, 93, 99, 100, 113, 114, 122, 124, 134, 166]
PERSON;[4]
GOOD;[4, 5, 158]
EVIDENCE;[4, 25, 25, 27, 49, 66, 73, 122, 143]
INCREASED;[4, 22, 27, 40, 45, 48, 66, 86, 108, 124, 137, 159, 166, 167]
COMES;[4]
SWEAT;[4, 32, 65, 65, 65, 65, 66, 66, 124, 137]
BASIC;[4, 139]
INTRINSIC;[4, 140, 140, 149]
LEVEL;[4, 47, 51, 65, 152]
PRECISION;[4, 158]
ACCURACY;[4, 149, 158]
DETERMINING;[4, 86]
CONSIDERED;[4, 117, 148, 167]
SATISFACTORY;[4]
CONCLUDED;[4, 24, 89, 161]
CONCENTRATION;[4, 48, 52, 55, 55, 55, 61, 70, 70, 124, 139, 139, 150]
SUITABLE;[4, 87]
AID;[4]
DIAGNOSIS;[4, 10, 69, 89, 89, 89, 99, 148, 148, 150, 156]
CAPACITY;[5, 20, 144]
DUODENAL;[5, 5, 5, 150, 150, 150]
JUICE;[5, 5, 5]
HYDROLYSE;[5]
CASEIN;[5, 5]
TRICHLOROACETIC;[5]
ACID;[5, 23, 23, 26, 35, 70, 86, 100, 122, 123, 123, 123, 123, 123, 123, 129, 139, 141, 166]
SOLUBLE;[5]
PEPTIDES;[5]
INVESTIGATED;[5, 7, 53, 66, 68, 93, 160, 166]
GROUP;[5, 6, 6, 8, 22, 23, 23, 23, 24, 24, 27, 29, 51, 65, 65, 65, 65, 65, 65, 70, 70, 92, 100, 113, 134, 145, 145, 167]
INFANTS;[5, 5, 97, 97, 97, 148, 148]
ENTEROGENIC;[5, 5]
MALABSORPTION;[5, 5, 129, 129]
COW;[5]
PROTEIN;[5, 55, 62, 62, 81, 139, 139]
INTOLERANCE;[5, 57, 57]
PROTEOLYTIC;[5, 5, 5, 150]
PER;[5, 6, 7, 8, 8, 8, 8, 8, 8, 8, 8, 8, 8, 8, 8, 8, 8, 8, 8, 8, 8, 23, 24, 55, 61, 93, 93, 93, 123, 143]
FASTING;[5]
CONDITION;[5, 11, 32, 48, 80, 97]
GREAT;[5, 73, 134]
HOUR;[5, 31, 70, 150]
CORRELATION;[5, 6, 22, 47, 93, 167]
TRYPSIN;[5, 5, 26, 114, 131, 131, 141]
INSUFFICIENCY;[5, 68]
EXTREMELY;[5]
MEASURABLE;[5]
WHEREAS;[5, 6, 7, 62, 62, 62, 75, 93, 141, 161]
WITHIN;[5, 9, 78, 93, 93, 159]
RANGES;[5, 28]
INFLUENCE;[6, 31, 31]
CHRONIC;[6, 6, 6, 7, 8, 27, 32, 41, 47, 47, 48, 59, 61, 134, 134, 159, 166]
OCCURRENCE;[6, 7, 7, 7, 7, 69, 69]
BONE;[6, 59, 68]
MARROW;[6, 68]
DERIVED;[6, 6, 45]
LYMPHOCYTES;[6, 6, 6, 48, 48, 108, 138]
CELLS;[6, 6, 6, 6, 6, 6, 6, 6, 7, 7, 41, 41, 41, 44, 45, 66, 108, 124, 140, 140, 143, 143, 143, 143, 143]
THYMUS;[6]
PERIPHERAL;[6, 11, 55]
BLOOD;[6, 6, 20, 23, 23, 23, 44, 55, 122, 148, 150, 167]
GROUPS;[6, 6, 8, 11, 54, 62, 65, 68, 82, 139, 151, 161, 167]
SUFFERED;[6]
PRODUCED;[6, 27, 50, 122, 137, 166]
MULTIPLE;[6]
CROSSED;[6, 7, 144]
IMMUNOELECTROPHORESIS;[6, 7]
NEVER;[6]
HARBOURED;[6, 8]
PRESENTED;[6, 7, 9, 66, 99, 143]
DEMONSTRABLE;[6, 167]
BACTERIA;[6, 8, 8, 55, 81]
EXAMINED;[6, 43, 44, 55, 65, 108, 140, 143]
PRESENCE;[6, 6, 31, 38, 48, 54, 99, 100, 100, 131, 139, 141]
SURFACE;[6, 6, 6, 75]
MARKERS;[6]
RECEPTOR;[6]
COMPLEMENT;[6, 7, 55, 81, 122]
COMPONENT;[6, 47, 55, 122, 141]
EAC;[6]
ROSETTE;[6, 6]
FORMATION;[6, 6, 40, 78, 85, 139]
IMMUNOGLOBULINS;[6, 11, 48, 55, 160, 160]
IMMUNOFLUORESCENT;[6]
STAINING;[6, 75, 141]
MARKER;[6, 143]
SPONTANEOUS;[6, 117]
BINDING;[6, 54, 54, 124, 124, 124, 124, 124]
SHEEP;[6]
RED;[6, 44]
CELL;[6, 41, 41, 41, 44, 81, 86, 92, 122, 124, 124, 124]
RATIO;[6, 20, 23, 62, 137, 143, 144, 155]
NEARLY;[6]
IDENTICAL;[6, 100, 144]
TOTAL;[6, 6, 6, 20, 43, 45, 45, 55, 59, 62, 124, 138, 138, 140, 140, 150, 150]
NUMBERS;[6, 40, 41, 86, 139]
SIGNIFICANT;[6, 24, 47, 52, 53, 54, 62, 62, 65, 68, 80, 89, 137, 137, 141, 145, 145, 145, 156, 161, 167]
HIGHER;[6, 7, 7, 11, 47, 47, 48, 53, 65, 73, 113, 139, 159]
POSITIVELY;[6]
WHERAS;[6]
INSIGNIFICANT;[6]
MONTHLY;[7, 8]
BACTERIOLOGICAL;[7, 8, 8, 48, 62, 64]
EXAMINATIONS;[7, 8, 8]
TRACHEAL;[7, 8, 122, 148]
SECRETIONS;[7, 8, 23, 137, 137, 137, 137, 137]
POLYVALENT;[7]
ANTIGEN;[7]
PREVALENCE;[7, 8, 8, 8, 11]
RATE;[7, 8, 8, 8, 8, 38, 47, 66, 73, 86, 86, 137]
HARBOURING;[7]
CENT;[7, 8, 8, 8, 8, 8, 8, 8, 8, 8, 8, 8, 8, 8, 8, 8, 8, 8, 55, 93]
NEWLY;[7]
COLONIZED;[7, 7, 7, 7, 7, 7]
INTERMITTENTLY;[7]
NON;[7, 7, 7, 68]
MUCOID;[7, 7, 7, 7, 7, 7, 7, 7, 7, 7, 8, 47, 161, 161, 161, 161, 161]
STRAINS;[7, 7, 7, 7, 7, 7, 7, 7, 8, 79, 79, 80, 123, 123, 124, 152, 161, 161, 161]
PREDOMINATING;[7, 7, 8, 8, 148]
CHRONICALLY;[7, 7, 7, 7, 43]
ESPECIALLY;[7, 8]
MALES;[7, 7, 22, 22]
FEMALES;[7, 7, 22, 22]
DURATION;[7, 75]
COLONIZATION;[7, 8, 8, 8, 61, 61]
CONTRAST;[7, 8, 47, 141]
ACCORDANCE;[7, 167]
HYPOTHESIS;[7, 31, 45, 92, 145]
SUBSTANCE;[7, 122, 122]
VIRULENCE;[7]
FACTOR;[7, 85, 87, 114, 114, 122, 140, 140, 140, 148]
MIGHT;[7, 79, 140]
INHIBIT;[7]
OPSONIZING;[7]
EFFECT;[7, 11, 27, 52, 137, 137, 137, 137]
DEPENDENT;[7, 8, 24, 52, 52, 52, 75, 123, 131]
LYSIS;[7]
HEREBY;[7]
FAVOURING;[7]
EXPENSE;[7]
SEVENTY;[8]
TREATED;[8, 61, 86, 122, 141]
CLINIC;[8, 15]
FOLLOWED;[8, 8]
DAILY;[8]
IMPRESSION;[8, 27]
OBTAINED;[8, 51, 70, 138, 138, 144, 155, 156]
LABORATORY;[8, 49]
EXPRESSED;[8, 49, 144]
MEAN;[8, 11, 22, 22, 22, 48, 53, 61, 61, 68, 85, 137, 144, 144, 145, 148, 148]
POINT;[8, 13, 144, 144]
STAPHYLOCOCCUS;[8, 61, 61, 62, 62, 62, 86, 160]
AUREUS;[8, 8, 8, 8, 8, 61, 61, 62, 62, 86, 152, 160]
HAEMOPHILUS;[8, 160]
INFLUENZAE;[8, 8, 8, 8, 160]
DIPLOCOCCUS;[8]
PNEUMONIAE;[8, 8, 8, 148]
MISCELLANEOUS;[8, 8]
MAINLY;[8, 8, 8, 70]
ENTEROBACTERIACEAE;[8, 8, 8]
FLUCTUATIONS;[8]
BACTERIOLOGY;[8]
DESCRIBED;[8, 26, 32, 35, 57, 87, 87, 158, 166]
ADDITIONAL;[8, 79, 81, 159]
EPIDEMIOLOGICAL;[8, 79]
TERMS;[8]
PATTERN;[8, 40, 45, 134]
MINOR;[8]
MODIFICATIONS;[8]
REGARDS;[8, 8, 8, 8, 53, 62]
REFLECTS;[8]
DIFFICULT;[8]
THERAPEUTIC;[8, 152]
PROBLEMS;[8, 8, 8, 8, 29, 43, 43, 43, 43]
NEW;[8, 8, 61, 134, 151]
RECOLONIZATION;[8, 8]
REFLECT;[8, 55]
PREVENTION;[8, 8, 117]
INCIDENCE;[8, 9, 13, 29, 38, 82, 82]
SHOW;[8, 47, 47, 66, 82, 123, 141, 151, 161]
STILL;[8, 47]
CONSIDERABLE;[8]
THERAPY;[8, 27, 27, 31, 31, 49, 61, 61, 75, 75, 75, 81, 86, 93, 123, 148, 159, 159, 159, 159]
WELL;[8, 48, 79, 97, 143]
ALTHOUGH;[8, 47, 53, 61, 79, 87, 89, 134, 152]
SPECIES;[8, 122, 143, 143]
MAY;[8, 25, 47, 50, 52, 55, 66, 79, 79, 82, 97, 124, 129, 134, 134, 134, 138, 139, 141, 150, 150, 151, 152]
COLONIZE;[8]
TRACTS;[8, 139]
MAIN;[8, 64]
CONCERN;[8]
REASON;[8]
DISCUSSED;[8, 28, 74, 78, 127]
FAMILY;[9, 9, 43, 69]
CELIAC;[9, 9, 129]
SPRUE;[9, 9]
OCCURRED;[9, 61, 86, 159]
SIBSHIP;[9]
COUSIN;[9]
INDEX;[9, 31]
CASE;[9, 42, 48, 97, 97, 97, 99]
DISCOVERED;[9]
GENETICS;[9]
REVIEWED;[9, 25, 100, 148, 149]
ESTIMATED;[9, 69]
LIKELIHOOD;[9]
ASSOCIATION;[9, 42, 61, 99, 167]
OCCURRING;[9, 78]
BASIS;[9, 43]
CHANCE;[9, 167]
PATIENT;[10, 43, 43, 50, 62, 69, 86, 86, 93, 134, 150]
EXHIBITED;[10, 85]
FEATURES;[10]
KARTAGENER;[10, 10]
SYNDROME;[10, 10, 42, 97, 99, 117, 148]
AUTHORS;[10, 166]
KNOWLEDGE;[10, 43, 134]
REPRESENTS;[10]
THIRD;[10, 55, 100]
REPORT;[10, 42]
COMBINATION;[10, 108, 123, 123, 123]
EXCLUDED;[10]
MADE;[10, 43, 43, 43, 55, 150]
ALLERGIES;[11, 11]
EFFECTS;[11, 28, 43, 61, 159]
COURSE;[11, 13, 27, 48, 148]
FIFTEEN;[11, 144]
DEFINED;[11, 134]
HISTORY;[11, 21, 21, 29, 75]
PHYSICAL;[11, 27, 27, 43]
EXAMINATION;[11, 65, 149]
POSITIVE;[11, 21, 74, 74, 93, 122, 122]
ALLERGY;[11, 11, 21, 97]
SKIN;[11, 53, 65, 74]
NASAL;[11, 23, 29]
EOSINOPHILIA;[11]
REVERSIBLE;[11]
AIRWAY;[11, 22, 22, 24, 24, 144, 144]
OBSTRUCTION;[11, 24, 24, 139]
ALLERGIC;[11, 11, 11, 21, 23, 23, 23, 159]
NONALLERGIC;[11, 11]
IGE;[11, 55]
INTERNATIONAL;[11]
UNITS;[11]
IGM;[11, 48, 55, 55, 81, 81]
SIMILAR;[11, 13, 22, 23, 43, 53, 100, 113, 137, 138, 140, 143, 143, 144]
SHWACHMAN;[11]
SCORE;[11]
BETTER;[11, 89]
MODULATING;[11]
SEVERITY;[11, 75, 89, 93, 100, 155]
INTENSIVE;[13]
SEARCH;[13]
BLACKS;[13, 13, 13]
WASHINGTON;[13]
DISCLOSED;[13]
BLACK;[13, 13]
EIGHT;[13, 61, 70, 100, 141, 151, 159]
BORN;[13, 69]
DISTRICT;[13]
COLUMBIA;[13]
DECADE;[13]
CALCULATED;[13, 137, 144]
LEAST;[13, 89, 149]
PATHOLOGICAL;[13, 32]
CHANGES;[13, 22, 32, 47, 62, 62, 62, 86, 100]
WHITES;[13, 13]
GENETIC;[13, 43, 43, 45, 52, 74]
CONSIDERATIONS;[13]
AUTOSOMAL;[13, 69, 124]
RECESSIVE;[13, 69, 124]
INHERITANCE;[13]
GENERALLY;[13, 69]
WOMEN;[15, 15]
COMBINED;[15, 123]
FORM;[15, 40, 127]
ORAL;[15, 15]
CONTRACEPTIVE;[15]
DEVELOPED;[15, 21, 82, 97, 127, 131]
POLYPOID;[15]
CERVICITIS;[15]
WOMAN;[15]
POLYP;[15, 15, 23, 23]
RECURRED;[15]
REINSTITUTION;[15]
MEDICATION;[15, 150]
RESOLUTION;[15]
INSTANCE;[15]
DISCONTINUATION;[15]
DRUGS;[15]
AFFECTED;[15, 43, 80, 92, 97]
COINCIDENTAL;[15]
DETERIORATION;[15, 24, 50, 50]
THEREFORE;[15, 31, 69, 73, 139]
SUGGESTED;[15, 41, 43, 74]
CONTRACEPTION;[15]
OBSERVED;[15, 22, 52, 52, 61, 68, 70, 70, 75, 78, 85, 85, 85, 86, 124, 124, 124, 137, 143, 145, 158, 159, 166, 167]
CLOSELY;[15, 89, 93]
REGARDING;[15, 81]
PULMONARY;[15, 22, 24, 27, 27, 27, 48, 50, 50, 57, 57, 61, 64, 64, 89, 93, 93, 100, 100, 100, 100, 100, 144, 155, 155, 155, 159, 166]
GYNECOLOGIC;[15]
ABILITY;[20]
DETECT;[20, 117]
ABNORMALITIES;[20, 42, 59, 97, 117, 117, 117, 140, 149, 149]
LUNG;[20, 20, 22, 24, 24, 24, 24, 24, 32, 32, 50, 55, 62, 62, 64, 64, 64, 87, 87, 89, 144, 155, 166]
FUNCTION;[20, 24, 24, 38, 41, 50, 64, 64, 64, 87, 92, 134, 140, 150, 150, 150, 155, 155]
ASTHMA;[20, 21, 21, 21, 47]
MEASUREMENT;[20, 81]
CLOSING;[20, 20, 20, 24, 24, 144]
VOLUME;[20, 20, 20, 20, 20, 20, 22, 24, 24, 24, 24, 24, 24, 27, 31, 31, 31, 31, 49, 144]
FLOW;[20, 20, 24, 24, 24, 24, 24, 24, 66, 144, 144, 144, 144, 144, 144]
CHARACTERISTICS;[20, 23, 45, 100]
SPIROMETRY;[20]
BODY;[20, 70, 93, 123]
PLETHYSMOGRAPHY;[20]
ARTERIALIZED;[20, 20]
OXYGEN;[20, 144, 144]
TENSIONS;[20, 144]
COMPARISON;[20, 35, 44, 93]
LESS;[20, 73, 73, 85, 92, 152]
SENSITIVE;[20, 79, 79, 85, 140, 140, 144, 152]
RESIDUAL;[20]
EXPIRATORY;[20, 24, 144]
CURVES;[20, 24, 24, 144, 144, 144, 144]
GASES;[20, 148]
PARENTS;[21, 21, 43, 43, 43, 74, 74, 108, 145]
BRONCHOSPASM;[21, 25]
INHALING;[21]
EXTRACTS;[21, 21, 68]
SPRINKLED;[21]
FOOD;[21]
PAST;[21, 42, 73]
RESPONDED;[21]
BRONCHODILATORS;[21]
USE;[21, 25, 79, 87, 93, 152]
FACE;[21]
MASK;[21]
PREPARATION;[21, 158]
MEALS;[21]
PREVENTED;[21]
RECURRENCES;[21]
DATE;[21]
PRECIPITATES;[21, 40]
INHALATION;[21]
SEEN;[21, 100, 124]
RESISTANCE;[22, 22, 86, 86, 86, 86, 86, 86]
MODIFICATION;[22, 24]
PLETHYSMOGRAPHIC;[22]
BRISCOE;[22]
DUBOIS;[22]
CALCULATE;[22]
SPECIFIC;[22, 23, 53, 134, 134, 134, 141]
SRAW;[22, 22, 22, 22, 22, 22]
RANGING;[22]
NEWBORN;[22, 22]
LOWEST;[22, 47, 47]
RAPIDLY;[22, 70, 85]
LOWER;[22, 24, 25, 25, 31, 51, 52, 55, 70, 92, 139, 144, 160]
SUBJECT;[22]
GREATER;[22, 52, 62, 62, 73, 93, 108, 144, 150, 152]
SEC;[22, 22, 22, 144, 144]
DECREASE;[22, 65, 86, 86]
PARALLELED;[22]
SEXUAL;[22, 42]
MATURATION;[22]
DIRECT;[22, 31, 65]
OBSERVATIONS;[22, 45, 55, 151]
YOUNG;[22, 26, 50, 64]
VARIOUS;[22, 27, 27, 28, 55, 55, 81]
DEGREES;[22, 26, 131]
INVOLVEMENT;[22, 64, 89, 144, 144]
CILIATED;[23]
EPITHELIUM;[23, 23, 23]
RHINITIS;[23, 23, 23]
MAINTAINED;[23, 65]
ORGAN;[23]
CULTURE;[23, 23, 44, 74, 108, 108, 138]
HOURS;[23, 61, 61, 159, 159, 159]
EXPLANTED;[23]
RETAINED;[23, 85]
MORPHOLOGIC;[23]
INCORPORATED;[23]
GLYCOPROTEINS;[23, 23, 55]
SECRETED;[23, 139]
MEDIUM;[23, 108]
THROUGHOUT;[23]
LABELED;[23, 143]
MUCOUS;[23, 47]
GLYCOPROTEIN;[23, 23, 23, 53]
SOLUBILIZED;[23]
REDUCTION;[23, 24, 24]
ALKYLATION;[23]
PURIFIED;[23, 23, 108, 122, 139]
GEL;[23, 59, 139, 139, 141]
FILTRATION;[23, 139]
CHROMATOGRAPHY;[23, 141, 141, 143]
SEPARATED;[23, 122]
DIETHYLAMINOETHYL;[23]
DEAE;[23, 141]
CELLULOSE;[23]
COLUMNS;[23]
FRACTIONS;[23, 23, 23, 23, 62, 62, 62, 141, 141]
AMINO;[23, 122]
COMPOSITIONS;[23, 143]
DIFFERED;[23]
ACETYL;[23, 70]
NEURAMINIC;[23]
FUCOSE;[23]
RELATIVE;[23, 24, 45, 69, 79, 81, 155]
INCORPORATION;[23, 75, 75, 75, 75]
GLUCOSAMINE;[23]
INDISTINGUISHABLE;[23, 32, 140]
RESPECTS;[23]
HOWEVER;[23, 24, 52, 79, 100, 117, 137, 139]
EXCEEDED;[23]
CORRESPONDING;[23, 51, 141]
PRESSURE;[24, 24, 24, 24]
BEHAVIOR;[24, 122]
ISOVOLUME;[24]
RELATIONSHIPS;[24, 79]
DETECTION;[24, 38, 69, 144]
SEPARATE;[24]
GROSSLY;[24]
ABNORMAL;[24, 32, 59, 117, 140, 144, 150]
EXCESSIVE;[24, 134]
STIFFNESS;[24]
NEAR;[24]
LOSS;[24, 24, 24, 86, 86, 89, 134]
RECOIL;[24, 24, 24, 24]
VOLUMES;[24, 24, 24, 144, 144]
OFTEN;[24, 64, 82]
HIGH;[24, 24, 24, 29, 54, 59, 73, 73, 73]
ENOUGH;[24, 79, 117]
CAUSE;[24, 25, 117, 134, 134, 134, 139]
DISTURBANCES;[24]
GAS;[24, 24, 144]
EXCHANGE;[24, 141, 155]
QUANTITATIVELY;[24, 143, 143]
EXPLAINED;[24, 24]
ELASTIC;[24, 24, 100]
MODIFIED;[24, 137, 137]
MILD;[24, 68, 75]
OTHERWISE;[24, 149]
ACCOUNT;[24, 87, 141]
FLOWS;[24]
SINCE;[24, 47, 52, 64, 69, 69, 117, 124, 150, 161]
UPSTREAM;[24]
RESISTANCES;[24]
EFFORT;[24]
EVEN;[24, 134]
SEVERE;[24, 62, 75, 99, 113, 145, 148, 160]
SHOWING;[24]
TIME;[24, 27, 74, 85, 149, 149]
CONSTANTS;[24]
EMPTYING;[24]
VARIED;[24]
WIDELY;[24, 35, 79]
INVOLVES;[24]
WORSENING;[24]
TRAPPING;[24]
PROGRESSIVE;[24]
BLAND;[25]
AEROSOLS;[25]
PARTICULARLY;[25, 43, 43, 48]
MIST;[25, 25, 25, 31, 31, 31]
TENTS;[25, 25, 25]
TREATMENT;[25, 43, 48, 57, 61, 89, 89, 89, 89, 159]
CONVINCING;[25]
EFFICACY;[25]
SURPRISING;[25]
DEPOSIT;[25]
LITTLE;[25, 47, 82, 89, 89, 139]
WATER;[25, 31, 31, 31, 31, 31, 134]
DETRIMENTAL;[25]
CASES;[25, 29, 38, 38, 50, 74, 156, 156]
BACTERIAL;[25, 61, 61]
PLASMA;[26, 26, 26, 70, 70, 70, 92, 92, 108, 140, 141, 141, 141, 141, 141, 141, 141, 141]
ARGININE;[26, 26, 26, 92, 92, 141, 141, 141, 141, 141, 141]
ESTERASE;[26, 26, 26, 141, 141, 141, 141, 141, 141]
ENZYME;[26, 49, 51, 52, 52, 53, 53, 97, 122, 131, 131, 150, 150, 150]
ACTIVATED;[26, 81]
TREATING;[26]
CHLOROFORM;[26, 141]
ELLAGIC;[26, 141]
MANNER;[26]
RAO;[26, 26]
ASSOCIATES;[26, 26]
DIFFERENCE;[26, 52, 53, 54, 65, 68, 137, 167]
EITHER;[26, 31, 31, 47, 52, 61, 81, 108]
ACTIVITIES;[26, 44, 44, 52, 150, 150]
INHIBITED;[26, 61, 141, 141, 141]
SOYBEAN;[26, 141]
INHIBITOR;[26, 122, 141]
THUS;[26, 108, 166]
FINDINGS;[26, 59, 62, 64, 68, 74, 137, 156, 160]
DEFICIENCY;[26, 68, 79, 81, 89, 89, 89, 122, 129, 141]
CONFIRMED;[26, 29, 38, 40]
SPITE;[27, 50]
WIDESPREAD;[27]
INCLUDING;[27, 117, 148]
BREATHING;[27, 144]
EXERCISES;[27]
HELPFUL;[27, 140, 149, 156]
PEDIATRIC;[27, 127]
OBJECTIVE;[27]
DEMONSTRATION;[27, 35, 79, 141]
MANEUVERS;[27, 27]
PART;[27, 139]
LACKING;[27, 167]
SPUTUM;[27, 31, 31, 31, 31, 31, 31, 31, 31, 47, 47, 47, 47, 47, 55, 55, 55, 61, 61, 61, 80, 161, 161, 161]
SHORT;[27]
PERIODS;[27, 75]
COUGH;[27]
POSTURAL;[27]
DRAINAGE;[27]
LONG;[27, 48, 117]
TERM;[27, 48, 66]
REMAINS;[27]
UNKNOWN;[27, 32, 40, 117, 149]
PRESENT;[28, 40, 47, 55, 59, 59, 69, 80, 89, 97, 100, 117, 131, 139, 145, 149, 160]
POINTS;[28, 40]
SIMPLICITY;[28, 150]
EASE;[28]
FINGERNAILS;[28]
TOENAILS;[28]
MEASURE;[28, 143]
ELECTROLYTE;[28]
PROCEDURES;[28, 38]
CATEGORIES;[28, 75]
DISEASED;[28]
LIMITATIONS;[28]
INDICATED;[28, 140]
EAR;[29, 29]
NOSE;[29]
THROAT;[29, 161, 161, 161]
SURVEY;[29]
CARRIED;[29, 43, 86, 131]
AGED;[29, 48, 93, 155, 160]
SHOWN;[29, 40, 48, 79, 86, 108, 113, 139]
TRANSIENTLY;[29]
DEAF;[29]
EUSTACHIAN;[29]
TUBE;[29, 117]
DYSFUNCTION;[29]
SECRETORY;[29, 29, 66, 114]
OTITIS;[29, 29]
MEDIA;[29, 29, 44, 44, 44, 100, 100, 100]
POLYPS;[29, 41, 41]
GAVE;[29, 86]
POLYPECTOMY;[29]
THOUGH;[29, 49, 117]
MIDDLE;[29]
REPORTED;[29, 35, 42, 43, 138, 140]
NEITHER;[29, 32, 49]
DEAFNESS;[29]
PROBLEM;[29]
TENT;[31, 31, 31, 31]
DECREASES;[31, 89]
VISCOSITY;[31, 31, 31, 31, 31, 31, 41, 47, 47, 47]
LIQUEFACTION;[31]
TESTED;[31, 55, 123]
NIGHT;[31]
SLEPT;[31]
WITHOUT;[31, 38, 62, 62, 62]
MORNING;[31, 31]
FOLLOWING;[31, 44, 55, 65, 78, 85, 92, 144]
NIGHTS;[31]
RANDOMLY;[31]
ALLOCATED;[31]
SUPPLIED;[31]
JET;[31]
ULTRASONIC;[31, 93]
NEBULIZER;[31, 93]
ANALYSED;[31]
DNA;[31, 31, 138]
PURULENCE;[31]
RELATION;[31, 31, 43, 66, 74, 89, 89, 159]
FURTHERMORE;[31, 48, 97]
CONSISTENT;[31, 141, 141, 145]
EXPECTORATED;[31]
ABSENCE;[31, 54, 141, 141]
STAY;[31]
NEBULIZATION;[31]
SUGGEST;[31, 151]
CONSISTENTLY;[31, 44, 59, 114]
INCREASES;[31, 47, 47]
SISTERS;[32]
FATAL;[32, 43, 64, 81]
OBSTRUCTIVE;[32, 139]
ORIGIN;[32, 99, 149, 150]
CLINICALLY;[32, 62, 99]
HISTOLOGICALLY;[32]
GLANDS;[32, 124, 137, 137]
SHOWED;[32, 48, 61, 108, 137, 141, 145, 148, 159]
EXPECTED;[32, 73, 73]
CHILD;[32, 57, 70, 127, 134]
ELECTROLYTES;[32, 134]
BOWEL;[32, 49]
SYMPTOMS;[32, 43, 69, 89, 148, 160]
PANCREAS;[32, 41, 99, 100]
NECROPSY;[32]
SIMPLE;[35, 62, 69, 79, 87, 144]
IMMUNOCHEMICAL;[35]
TECHNIQUE;[35, 35, 144, 155, 158]
UTILIZING;[35]
SINGLE;[35, 66, 134, 141, 158]
RADIAL;[35, 158]
IMMUNODIFFUSION;[35, 158]
ALBUMIN;[35, 35, 38, 38, 38, 62, 62, 158]
HUMAN;[35, 44, 55, 85, 85, 114, 117, 123, 124, 143]
MECONIUM;[35, 35, 38, 38, 99, 158]
SULPHOSALICYLIC;[35]
PRECIPITATION;[35, 139, 139, 139, 139, 139]
ATTEMPTED;[35]
DETERMINE;[35, 75, 140, 151, 155]
PROCEDURE;[38, 108, 108, 156]
ASSESSED;[38]
SAMPLES;[38, 47, 47, 131, 141, 141, 141, 141, 141, 141, 141, 143]
SOUTH;[38, 73]
WALES;[38, 73, 73, 73, 73, 73]
NORTH;[38]
STAFFORDSHIRE;[38]
SIMULTANEOUSLY;[38]
FOUR;[38, 138, 144, 161]
METHODS;[38, 38, 50, 108, 131, 138]
POPULATION;[38, 108, 113, 145]
SCREENED;[38]
IMPAIRMENT;[38]
LIKELY;[38, 97, 166]
MISSED;[38]
DEPEND;[38, 48]
CALCIUM;[40, 40, 40, 52, 139, 139, 139, 139, 139, 139]
PHOSPHATE;[40, 40, 124, 139, 139, 139]
SUBMANDIBULAR;[40, 40, 137]
ELECTRON;[40, 40, 151, 151]
MICROSCOPY;[40, 151, 151]
TRANSFORM;[40]
STANDING;[40, 40]
VITRO;[40, 86, 86, 123, 123, 161]
AMORPHOUS;[40, 40]
GLOBULES;[40, 40]
STELLAR;[40]
CLUSTERS;[40]
HYDROXYAPATITE;[40, 40]
CRYSTALS;[40]
APPEARED;[40, 86]
REGULAR;[40, 43]
NUCLEATION;[40]
FINE;[40]
NETWORK;[40]
NATURE;[40]
CRYSTAL;[40]
DIFFRACTION;[40]
CHEMICAL;[40, 78]
SOLUBILITY;[40]
ZYMOGEN;[40]
GRANULE;[40]
SPHERULES;[40]
INCLUSION;[40, 78, 78, 78]
BODIES;[40, 78, 78, 78, 78]
GREATLY;[40]
DISINTEGRATED;[40]
HOMOGENEOUS;[40]
APPEARANCE;[40, 47]
BEADED;[40]
HOLLOW;[40]
SPHERES;[40]
PANETH;[41, 41, 41, 41, 41, 41]
METAPLASIA;[41, 41]
VARIABLE;[41, 89, 93]
FEATURE;[41, 66]
DIVERSE;[41]
DISEASES;[41, 134, 134, 134, 166]
COLON;[41]
RECTUM;[41]
NUMEROUS;[41]
ATROPHIC;[41]
MUCOSA;[41]
ULCERATIVE;[41]
COLITIS;[41, 41]
JUVENILE;[41]
AROUND;[41, 41]
COLLOID;[41, 149]
MUCINOUS;[41]
CARCINOMAS;[41, 41]
MODERATE;[41, 75]
AMBEIC;[41]
ADENOMAS;[41]
SPARSE;[41]
DIVERTICULITIS;[41]
ADENOMATOUS;[41]
NONMUCINOUS;[41]
MUCUS;[41, 47, 114, 151, 151, 151, 166]
HYPERSECRETION;[41, 114]
MUCIN;[41, 41, 53]
DEPOSITS;[41, 100]
GASTROINTESTINAL;[41, 139]
ANOMASIA;[42, 42]
HYPOGONADISM;[42]
INCREASING;[42, 86, 93, 139]
FREQUENCY;[42, 113, 167]
SEVERAL;[42, 59, 64, 85, 86, 97, 140, 166]
KALLMAN;[42]
EMPHASIZES;[42]
IMPORTANCE;[42, 64]
TESTING;[42, 47]
MANIFEST;[42]
VICTORIAN;[43]
FAMILIES;[43, 43, 108, 108]
AUGUST;[43]
FEBRUARY;[43]
SOCIAL;[43, 127, 145, 145]
EMOTIONAL;[43, 43]
EXPERIENCED;[43]
MEMBERS;[43, 43]
MOTHERS;[43]
AGES;[43, 97, 160]
SOCIALLY;[43]
EMBARRASSING;[43]
AWARENESS;[43]
CREATE;[43]
MAJOR;[43, 100, 100, 152]
UNCERTAINTY;[43]
PROGNOSIS;[43, 89, 148]
DOUBTS;[43]
PROSPECTS;[43]
EMPLOYMENT;[43]
SPECIALLY;[43]
RELEVANT;[43]
TEENAGER;[43]
GIVEN;[43, 69, 82, 97, 145]
AMPLE;[43]
OPPORTUNITY;[43]
ADOLESCENCE;[43]
ONWARD;[43]
DISCUSS;[43]
ASPECTS;[43, 55, 78]
APPROPRIATE;[43, 48]
PROVISION;[43, 43]
CARE;[43]
DEPRESSION;[43]
FEELINGS;[43]
ISOLATION;[43, 138]
DEMANDS;[43]
CONSTANT;[43, 62, 62, 62, 62]
EXPERIENCE;[43]
PROBABLY;[43, 86, 86]
CONFRONTING;[43]
ILL;[43, 134, 134]
HANDICAPPED;[43]
SPECIAL;[43]
DIFFICULTIES;[43]
STEM;[43]
EVENTUALLY;[43]
OUTCOME;[43, 64]
ROLES;[43]
PROFESSIONAL;[43]
MEDICAL;[43, 43]
TEAM;[43]
TOUCHED;[43]
COUNSELING;[43]
PRACTICAL;[43, 69]
SUPPORT;[43, 45, 49, 92, 145]
COMMENTS;[43]
ESTABLISHMENT;[43]
LAY;[43]
ORGANISATIONS;[43]
FINANCIAL;[43]
STRAIN;[43, 86, 86]
OBTAINING;[43]
ATTENTION;[43]
LOOKED;[43, 124]
SUGGESTIONS;[43]
MINIMIZING;[43]
ECONOMIC;[43]
CERTAIN;[43, 82, 134, 158, 167]
VULNERABLE;[43]
MEMBRANE;[44, 52, 52, 52, 66, 140, 140]
ATPASE;[44, 44, 52, 52, 52, 54, 140, 140, 140, 140]
SPENT;[44]
FIBROBLAST;[44]
LINES;[44, 45]
UNSPENT;[44]
DEPRESSED;[44, 55]
CULTURED;[45, 53, 74, 124, 143, 161]
LYMPHOID;[45]
HOMOZYGOTES;[45, 108, 108, 122]
DISTINGUISHED;[45, 47]
NORMALS;[45]
GROWTH;[45, 79, 86, 86, 89, 89, 89, 89, 143]
GROSS;[45]
CLUMPING;[45]
INCREASE;[45, 62, 65, 68, 92]
DERMATAN;[45]
SULFATE;[45]
MUCOPOLYSACCHARIDE;[45, 45, 45, 100, 108, 166]
MUCOPOLYSACCHARIDOSES;[45]
MARKEDLY;[45, 48, 150]
CELLULAR;[45, 45, 108]
DISTURBANCE;[45]
RESIDES;[45]
REGIONS;[45, 93]
WHOSE;[45]
FUNCTIONS;[45, 140, 140]
WOULD;[45, 73]
ALTERED;[45]
COMPOSITION;[45, 52]
ELASTICITY;[47, 47, 47, 47, 47, 47]
WEISSENBERG;[47]
RHEOGONIOMETER;[47]
OSCILLATORY;[47]
FREQUENCIES;[47, 167, 167]
BRONCHITIS;[47]
BRONCHIECTASIS;[47]
MACROSCOPICALLY;[47]
MUCOPURULENT;[47]
PURULENT;[47]
PLOT;[47, 47]
SHEAR;[47, 47, 47, 47]
RANGE;[47, 141, 152]
ZONES;[47]
JUNCTIONAL;[47]
REGION;[47, 47]
ZONE;[47, 47, 141, 155]
RATES;[47, 47, 47, 73, 73, 73, 73, 73, 144]
SLOWLY;[47, 70]
PLATEAU;[47, 47]
SHARPLY;[47]
NOTHING;[47]
DECREASING;[47]
VARIANCE;[47, 151]
CHARACTERISTIC;[47, 64]
MACROSCOPIC;[47]
ASTHMATIC;[47]
BRONCHIECTATIC;[47]
SPUTA;[47]
RESEMBLE;[47]
BRONCHITIC;[47]
LAST;[47, 79, 86]
GLAND;[47, 53, 66, 66, 66, 137, 137, 137, 137, 137, 137, 137, 137, 139]
HYPERTROPHY;[47, 100]
MANCINI;[48]
STANDARD;[48, 93, 144, 155]
TAKEN;[48]
STATE;[48, 81, 89, 89, 89, 122, 122, 138]
INFECTIOUS;[48]
PROCESSES;[48, 134, 139]
INFECTIONS;[48, 48, 61, 62, 62, 62, 79, 159]
CAUSED;[48, 137, 159]
RISE;[48]
IMMUNOGLOBULIN;[48, 81]
PREDOMINANCE;[48, 48, 148]
YRS;[48]
OLDER;[48, 89, 145]
TITER;[48, 48]
ISOHEMAGGLUTININS;[48]
TITERS;[48, 80, 80]
DIPHTHERIAL;[48]
STAPHOLOCOCCAL;[48]
ANTIBODIES;[48, 48, 48, 55, 55, 55, 80, 80, 81, 81, 81, 81, 81, 81, 86]
ANTI;[48, 85, 85]
DIPHTHERIA;[48]
ATTRIBUTED;[48]
FACT;[48]
REGULARLY;[48]
VACCINATED;[48, 82, 82]
OWING;[48]
POOR;[48, 70]
ANTISTAPHYLOCOCCAL;[48]
KNOWN;[48, 69, 122, 122, 122, 134]
FINDING;[48, 61, 100]
STAPHYLOCOCCAL;[48, 48]
BLASTIC;[48]
TRANSFORMATION;[48, 48]
STIMULATED;[48, 48]
FILTRATE;[48]
PHA;[48, 55]
CROSS;[49]
TRIAL;[49, 49, 131]
REPLACEMENT;[49]
CONDUCTED;[49]
PANCREX;[49]
FORTE;[49]
NUTRIZYM;[49, 49]
TABLETS;[49, 49]
EQUIVALENT;[49]
DOSAGE;[49, 75, 159]
DIFFERENCES;[49, 52, 62, 62, 65, 85, 124, 124, 124, 137, 137, 138, 138, 139, 141, 141, 141, 145, 145, 145, 145, 151, 161, 161]
EFFECTIVENESS;[49, 152]
PRODUCTS;[49]
STOOL;[49, 134, 134]
ACTIONS;[49]
FAECAL;[49, 131, 131]
FAT;[49, 89, 89]
EXCRETION;[49, 49, 66, 66, 66, 89, 129]
URINE;[49, 55, 114, 114, 114, 114, 114, 150]
UREA;[49]
PRODUCT;[49]
ELIMINATED;[49]
STEATORRHOEA;[49]
CHOICE;[49, 79, 122]
NINE;[49, 108, 144]
PREFERENCE;[49, 49]
CONCLUSION;[49]
BASED;[49, 73, 73, 78, 97]
PARTLY;[49]
SMALLER;[49]
REQUIRED;[49, 74, 79, 79]
ATTEMPT;[50]
RETARD;[50]
MAN;[50, 113]
UNDERWENT;[50]
BRONCHO;[50]
LAVAGE;[50, 50, 50]
ENTIRE;[50]
THEORETICAL;[50]
ADVANTAGES;[50, 150]
PHYSIOLOGIC;[50]
RECOVERED;[50]
MONTH;[50, 65, 65, 65, 159]
LATER;[50]
CONCLUDE;[50, 140]
BRONCHOPULMONARY;[50]
HAZARDOUS;[50]
RESERVED;[50]
CONVENTIONAL;[50]
IMPROVING;[50]
TRACHEOBRONCHIAL;[50, 139]
CLEARANCE;[50]
FAILED;[50]
GALACTOSYLTRANSFERASE;[51, 53]
VARYING;[51, 51]
HALF;[51]
BIOCHEMICAL;[52, 122]
PROPERTIES;[52, 53, 53, 122]
ERYTHROCYTE;[52, 54]
PRINCIPAL;[52, 81]
CONSTITUENTS;[52]
CONTRARY;[52]
PREVIOUS;[52, 108]
PREPARATIONS;[52, 52]
QUALITATIVE;[52, 85, 141]
RELATIVELY;[52, 89]
BOUND;[52]
UNLIKELY;[52]
REPRESENT;[52, 73]
DEFECT;[52, 66, 66, 81, 122, 124, 140]
CONNECTED;[52]
MECHANISM;[52]
PATHOGENESIS;[52]
MICROSOMAL;[53]
FIBROBLASTS;[53, 53, 53, 74, 124, 124, 138, 141, 143, 143, 143]
BOVINE;[53]
SUBMAXILLARY;[53, 139]
EXOGENOUS;[53]
ACCEPTOR;[53]
TIN;[53]
OPTIMUM;[53]
METAL;[53]
ION;[53, 141]
TRITON;[53]
REQUIREMENT;[53]
APPARENT;[53]
HEAT;[53, 80, 85, 114, 114, 114, 114]
STABILITY;[53]
NUCLEOTIDE;[53, 53]
SUGAR;[53]
RESPONSE;[53, 70, 80, 80, 92, 160]
AFFINITY;[54, 54, 81]
ATP;[54]
ADDED;[54, 131]
MICROM;[54, 54]
ISOLATED;[54, 61, 80, 86, 86, 143]
MEMBRANES;[54]
MEASUREMENTS;[54, 81, 108, 140]
IMMUNE;[55]
REDUCED;[55, 66, 66, 141]
TRANSIENT;[55]
SIBLINGS;[55, 55, 108, 145]
PRECIPITATING;[55, 55]
ANTIGENS;[55, 80, 81, 167]
ALLERGENS;[55]
CONTAINED;[55, 59]
UNDETECTABLE;[55]
TITRES;[55]
AGAR;[55]
SEMINAL;[55]
FLUID;[55, 150, 150]
RELATED;[55, 59, 75, 75, 93]
COMMON;[55, 160]
ANTIGENIC;[55]
DETERMINANT;[55]
FLUIDS;[55]
SEEMED;[55]
EXTENT;[55, 73, 75, 89, 143]
MODERATELY;[55]
TRANSFERRIN;[55]
PREALBUMIN;[55]
MARGINAL;[55]
UNDERNUTRITION;[55]
LYMPHOCYTE;[55]
TRANSFORMATIONS;[55]
PWM;[55]
APPEAR;[55, 81, 151]
GLUCOSE;[57, 57]
PRECEDING;[57]
CONTROLLED;[57, 123]
TOLBUTAMIDE;[57]
RESOLVED;[57, 141, 141]
RECOGNITION;[57]
DIABETES;[57, 69]
EMPHASIZED;[57]
ALKALINE;[59, 139]
PHOSPHATASE;[59, 139, 166]
CRITERIA;[59]
PROMINENT;[59]
LIVER;[59, 59, 59, 99, 149, 149, 149, 149]
ISOENZYME;[59, 141, 150]
BANDS;[59, 141, 141, 141]
POLYACRYLAMIDE;[59, 139, 141, 141]
ELECTROPHORESIS;[59, 62, 139]
LARGER;[59, 85, 100]
AMOUNTS;[59, 139]
INTESTINAL;[59, 89]
RESPONSIBLE;[59, 85, 122, 139]
ELEVATIONS;[59]
CAUSES;[59]
IDENTIFIED;[59]
HEPATIC;[59, 99]
CONGESTION;[59]
DRUG;[59]
HEPATOTOXICITY;[59]
OVERT;[59]
BILIARY;[59, 59, 99]
CIRRHOSIS;[59, 59, 99]
COMMONLY;[59]
SUBCLINICAL;[59]
FOCAL;[59, 99, 139]
EXACERBATIONS;[61]
INTRAMUSCULAR;[61, 152]
TOBRAMYCIN;[61, 61, 61, 61, 61, 61, 159, 159]
DAY;[61, 99]
DIVIDED;[61]
DOSES;[61]
COURSES;[61, 61]
LASTED;[61]
MICROG;[61, 61, 61, 61, 152, 152, 152, 152]
DOSE;[61, 82, 123, 159, 159]
EIGHTY;[61]
PERCENT;[61, 61, 61]
PATHOGENIC;[61]
ISOLATES;[61, 161]
NINETY;[61]
SEVEN;[61, 97, 100, 100, 100, 100, 108]
ORGANISM;[61, 160, 160]
BECOME;[61, 79]
RESISTANT;[61, 61, 61, 141]
OCCASIONS;[61]
GRAM;[61, 137, 148]
NEGATIVE;[61, 122, 148]
BACILLI;[61]
IMPROVEMENT;[61, 61, 159]
ELIMINATION;[61]
PATHOGENS;[61, 152, 160]
RARELY;[61, 134]
ACHIEVED;[61, 89]
NECESSARY;[61]
PRODUCE;[61]
FLORA;[61]
UNCOMMON;[61]
SIDE;[61, 159]
LIMITED;[61]
LOCAL;[61]
DISCOMFORT;[61]
INJECTION;[61, 152]
SITE;[61]
NAUSEA;[61]
VOMITING;[61]
PAPER;[62, 64, 70, 78]
GLOBULIN;[62, 62, 62, 62]
DECREASED;[62, 66, 82, 82, 93, 166]
INTERMITTENT;[62]
GAMMA;[62, 87]
FREQUENT;[62, 62, 82, 86]
RARE;[62, 62, 69, 134]
RESPECTIVELY;[62, 114, 161]
JUDGED;[62]
PROGRESSED;[62]
RADIOLOGICALLY;[62]
DUE;[64, 66, 82, 86]
COMPLICATIONS;[64, 124, 156]
WEST;[64, 73]
STUDIES;[64, 79, 93, 108, 139, 140, 140]
DISORDER;[64, 69, 70]
STRESSED;[64]
PUBLICATIONS;[64]
RADIOLOGICAL;[64]
INVESTIGATION;[65]
CHLORIDE;[65, 65, 65, 65, 65, 65, 65]
ELECTRODE;[65, 65]
ORION;[65, 65]
READING;[65]
ATTRIBUTABLE;[65, 123]
SEX;[65]
SEXES;[65]
AMONG;[65]
CONSIDERABLY;[65, 92]
REST;[65]
CHILDHOOD;[65]
STEADY;[65, 65]
TAKES;[65, 87]
PLACE;[65]
DATA;[65, 81, 92, 127, 141, 143, 148, 161]
GATHERED;[65]
PROPOSE;[65]
UPPER;[65, 65, 155]
LIMITS;[65, 65]
MEQ;[65, 65]
UPON;[65, 73, 73, 78]
VALUABLE;[65]
LARGE;[65, 114, 139, 166]
SCALE;[65, 145]
PURPOSES;[65]
MICROELECTRODES;[66]
HYDROGEN;[66, 66, 66]
IONS;[66, 66, 66, 86]
BICARBONATE;[66, 66, 66]
SECRETION;[66, 66, 114, 151]
DUCT;[66, 66]
REABSORPTION;[66, 137, 137, 137]
POTASSIUM;[66]
IMPAIRED;[66, 166]
FLUX;[66]
PROTONS;[66]
ACROSS;[66]
LUMINAL;[66]
EPITHELIAL;[66]
PROPOSED;[66, 122]
GENERAL;[66, 75, 81, 139]
EXOCRINE;[66, 129]
DEFECTS;[66, 149]
POSSIBLE;[66, 74, 93, 117, 124, 159]
DESCRIBE;[66]
CATIONIC;[66]
TRANSPORT;[66, 124, 140, 140, 140, 140, 140, 140, 140, 140]
ANIONIC;[66]
RECEIVED;[68, 89, 159, 159]
HEMATOLOGICALLY;[68]
HEMOGLOBIN;[68, 68]
IRON;[68, 68, 68, 68]
RECEIVING;[68, 68]
ENZYMES;[68, 150, 150]
PROPORTION;[68]
AGREEMENT;[68]
VIEW;[68, 160]
ABSORPTION;[68, 70]
AFFECTS;[69]
APPROXIMATELY;[69, 73, 141, 156, 159]
EVERY;[69]
WHITE;[69, 69]
UNITED;[69]
STATES;[69]
REGARDED;[69]
COMMONEST;[69, 160]
SERIOUS;[69]
METABOLIC;[69, 117]
EXCEPTION;[69]
MELLITUS;[69]
AFRO;[69]
AMERICANS;[69]
QUITE;[69, 156]
EXCEEDINGLY;[69]
ORIENTAL;[69]
EXTRACTION;[69, 138]
GENETICALLY;[69]
TRAIT;[69]
OBLIGATE;[69, 85, 138, 140]
HETEROZYGOTE;[69]
PARENT;[69, 127, 127, 134]
ENTIRELY;[69, 139]
ASYMPTOMATIC;[69]
SUSPECTED;[69]
MANIFESTATIONS;[69, 141]
AVAILABLE;[69, 69]
APPLIED;[69]
PHENYLKETONURIA;[69]
CONFIRM;[69, 137, 140, 152]
REFUTE;[69]
SUGGESTIVE;[69]
ARISE;[69]
SIBLING;[69]
DESCRIBES;[70]
INVESTIGATIONS;[70]
METHOXYPHENYL;[70, 70]
ALANINE;[70]
ANISYLALANINE;[70, 70, 70, 70]
HARTNUP;[70, 70]
METABOLISED;[70]
PYRUVIC;[70]
LACTIC;[70]
ACIDS;[70, 129, 138, 138]
EXCRETED;[70]
WEIGHT;[70, 93, 123, 137, 139]
ABSORBED;[70, 97]
INGESTION;[70]
THEREAFTER;[70]
DECLINED;[70]
EXPONENTIALLY;[70]
DELAYED;[70]
ADMISSIONS;[73, 73, 73, 73]
HOSPITAL;[73, 73, 73, 131]
REPUBLIC;[73, 73]
IRELAND;[73, 73, 73, 73, 73, 73]
SCOTLAND;[73, 73, 73, 73, 73]
ENGLAND;[73, 73, 73, 73, 73]
YET;[73, 141]
FULL;[73]
RETURNS;[73]
TIMES;[73, 89]
ADMISSION;[73, 73, 73]
TWICE;[73]
ENGLISH;[73]
CONTRASTED;[73]
SLIGHTLY;[73, 167]
GENUINELY;[73]
COMMUNITY;[73]
EAST;[73]
POTATO;[73]
WHEATEN;[73, 73]
BREAD;[73, 73]
STAPLE;[73]
DIET;[73, 97]
FAMINE;[73]
NINETEENTH;[73]
CENTURY;[73]
EATEN;[73]
DISADVANTAGEOUS;[73]
CYTOPLASMIC;[74, 166]
METACHROMASIA;[74, 74, 108]
PHENOMENON;[74, 167]
TOLUIDINE;[74]
BLUE;[74]
RECORDED;[74, 75]
AVERAGE;[74, 92, 93]
AMETACHROMATIC;[74]
HETEROGENEITY;[74]
FORTY;[75]
DECIDUOUS;[75]
TEETH;[75, 75]
TETRACYCLINE;[75, 75, 75, 75, 75, 75, 75]
SECTIONED;[75]
VERTICALLY;[75]
HORIZONTALLY;[75]
REPRESENTATIVE;[75]
PHOTOGRAPHED;[75]
VISIBLE;[75]
ULTRAVIOLET;[75]
ILLUMINATION;[75]
TOOTH;[75, 75]
ENAMEL;[75, 75]
DENTIN;[75, 75]
MINIMAL;[75, 99, 144]
NONEXISTENT;[75]
ALWAYS;[75]
DISCOLORATION;[75, 75]
DIRECTLY;[75]
PROXIMITY;[75]
DENTINOENAMEL;[75]
JUNCTION;[75]
INITIATION;[75]
ODONTOGENESIS;[75]
CRITICAL;[75]
AVOID;[75, 152]
THEREBY;[75, 150]
MINIMIZE;[75]
POTENTIAL;[75]
INTRACISTERNAL;[78, 78]
GRANULES;[78]
PALADE;[78]
CISTERNAE;[78]
ROUGH;[78]
SURFACED;[78]
ENDOPLASMIC;[78]
RETICULUM;[78]
EXPERIMENTAL;[78]
INDUCED;[78, 92, 114, 139, 139, 140]
VARIETY;[78]
ANIMALS;[78]
ADMINISTRATIONS;[78]
ARTIFICIAL;[78]
HIBERNATION;[78]
COLD;[78]
EXPOSURE;[78]
TENTATIVELY;[78]
CLASSIFIED;[78]
TYPES;[78, 86]
MORPHOLOGICAL;[78]
FATE;[78]
PYOCIN;[79, 79, 79]
TYPING;[79, 79, 79, 79]
USEFUL;[79, 143, 149, 149, 155]
TOOL;[79, 127]
FINGERPRINTING;[79]
SCRAPE;[79]
STREAK;[79]
GILLIES;[79]
GOVAN;[79]
PERFORM;[79, 87]
DIFFERENTIATION;[79]
INDICATOR;[79, 131]
CORRECT;[79]
BROTH;[79]
PROMISE;[79]
AUTOMATED;[79]
APPEARS;[79, 144]
ESTABLISHED;[79]
NOSOCOMIAL;[79]
SITUATIONS;[79]
GIVE;[79, 144]
MISLEADING;[79, 150]
SEROLOGICAL;[79]
BACTERIOPHAGE;[79]
HUMORAL;[80]
ANTIBODY;[80, 80, 81]
STABLE;[80, 114]
POSSIBLY;[80]
REVEALED;[80, 82, 145]
LEAD;[80]
ERADICATION;[80]
MICROORGANISM;[80]
DIRECTED;[80]
AUTOPSY;[80, 99, 100]
STRIKINGLY;[80]
HOST;[80, 81]
DIFFERS;[80, 134]
ANOTHER;[80, 141, 141]
KIND;[80]
MALIGNANCY;[80]
TECHNIQUES;[81, 151, 151]
UTILIZED;[81]
TEND;[81]
PARALLEL;[81]
FUNCTIONAL;[81, 81]
OPSONINS;[81]
CLASSES;[81]
POTENTIATED;[81]
SYSTEM;[81, 87, 114]
CLASSICAL;[81]
ALTERNATE;[81]
PATHWAYS;[81]
SUSCEPTIBILITY;[81, 161, 161, 161]
USUALLY;[81, 152]
UNDERLYING;[81, 92]
IMMUNOSUPPRESSIVE;[81]
LEUKOPENIA;[81]
INFORMATION;[81, 87, 87, 156]
NEEDED;[81]
ROLE;[81, 81, 139]
VIABLE;[81, 123]
NONLIPOPOLYSACCHARIDE;[81]
COMPONENTS;[81, 143]
WALL;[81]
EXOTOXINS;[81]
HEPTAVALENT;[82]
LIPOPOLYSACCHARIDE;[82]
VACCINE;[82, 82]
TRIALS;[82, 82]
SEPSIS;[82]
MORTALITY;[82, 148]
BURNS;[82]
IMMUNOSUPPRESSED;[82]
CANCER;[82]
DEATH;[82]
PARENTERAL;[82]
VACCINATION;[82]
BENEFIT;[82, 156]
ADVERSE;[82]
REACTIONS;[82]
LIMIT;[82]
SUSPENSIONS;[85]
PROTEUS;[85]
VULGARIS;[85, 85]
AGGLUTINATED;[85]
AGGLUTINATION;[85, 85]
AGGLUTINATING;[85, 85]
PROPERTY;[85]
TRANSMITTED;[85]
GENERATIONS;[85]
MATERNAL;[85]
PATERNAL;[85]
BRANCHES;[85, 100]
PEDIGREES;[85]
NOTED;[85, 100, 131]
INDUCING;[85]
CLUMPS;[85]
FOLD;[85]
DESTROYED;[85, 114, 114]
PRONASE;[85, 114]
NEUTRALIZED;[85]
WHOLE;[85, 155]
PREINCUBATION;[85]
INTERVALS;[86]
PREVIOUSLY;[86, 122, 139, 140, 167]
LOSE;[86]
LACEY;[86]
VIVO;[86, 86]
LINCOMYCIN;[86, 86]
CLINDAMYCIN;[86]
MUTATION;[86]
CONSTITUTIVE;[86]
ERYTHROMYCIN;[86, 86, 123, 123, 123]
LOCUS;[86]
ADJACENT;[86]
INDUCIBLE;[86]
LOCI;[86]
EXTRACHROMOSOMAL;[86]
ELEMENT;[86]
VARIATION;[86, 87, 89]
PLASMID;[86, 86, 86, 86, 86, 86]
ALTERATION;[86, 124]
PRODUCTION;[86, 86, 114, 140]
PENICILLINASE;[86, 86]
MACROCONSTITUTIVE;[86]
MICROCONSTITUTIVE;[86, 86]
DETECTABLE;[86]
CHANGE;[86, 86, 86, 100, 131]
SIZE;[86, 86, 86, 87, 123]
ADVANTAGE;[86]
FASTER;[86]
VARIANTS;[86]
FLUCLOXACILLIN;[86]
CEASED;[86]
COMPLETE;[86]
DETERMINANTS;[86]
CADMIUM;[86]
DALTONS;[86, 86]
FUSIDIC;[86]
REGIONAL;[87, 87, 87, 93, 93, 155, 155, 155, 155, 155]
MIN;[87, 152]
PROVIDES;[87]
PICTORIAL;[87]
NUMERICAL;[87, 87]
VENTILATION;[87, 93, 93, 155, 155, 155, 155]
PERFUSION;[87, 137, 155, 155, 155, 155]
SCALING;[87]
REBREATHING;[87]
SHIELDING;[87]
AVAILABILITY;[87]
COMPUTER;[87, 93, 155]
TEXT;[87]
ESSENTIAL;[87]
RAPID;[87, 131]
EVALUATION;[87, 150, 150]
NUCLEAR;[87]
MEDICINE;[87]
LABORATORIES;[87, 138]
LACK;[87]
FACILITY;[87]
CAMERA;[87, 93]
OBTAIN;[87]
SCINTIGRAPHIC;[87]
ALONE;[87, 123]
FECAL;[89, 89, 89, 129, 134]
NITROGEN;[89, 89]
CURRENT;[89]
NUTRITIONAL;[89, 97]
ACHIEVEMENT;[89]
NUTRIENT;[89]
ADEQUACY;[89]
STEATORRHEA;[89]
AZOTORRHEA;[89]
MASSIVE;[89]
BORE;[89]
EXISTING;[89]
NUTRITION;[89, 89, 89]
PROGNOSTIC;[89]
SCORES;[89, 113, 155]
DIAGNOSED;[89, 99, 161]
LATE;[89]
PRESUMABLY;[89]
ADEQUATE;[89, 89, 145]
OPTIMAL;[89, 89]
SUPPLEMENTS;[89]
RESULTED;[89]
DRAMATIC;[89]
LOSSES;[89, 134]
DESPITE;[89, 113, 148]
NEED;[89, 148]
DIETARY;[89]
RESTRICTION;[89]
INDIVIDUALIZED;[89]
FAILURE;[89, 138, 148]
SEEM;[89]
ULTIMATE;[89]
NATURAL;[89]
IMPORTANT;[89, 148]
GLUCAGON;[92, 92, 92]
INSULIN;[92, 92]
STIMULATION;[92]
INFUSION;[92, 92]
PROMPT;[92]
THREEFOLD;[92]
ELEVATION;[92]
SIXFOLD;[92]
IMMUNOREACTIVE;[92]
HORMONES;[92]
BASE;[92, 143]
LINE;[92]
ALPHA;[92]
BETA;[92, 166, 166, 166]
PROCESS;[92, 156]
EFFICIENCY;[93, 93]
DELIVERY;[93]
AEROSOL;[93, 93, 93, 93, 93, 93, 93, 159]
DESIGNED;[93]
SIMULATE;[93]
RETENTION;[93]
MONITORED;[93]
SCINTILLATION;[93]
INTERFACED;[93]
DIGITAL;[93]
XENON;[93]
ALLOWED;[93]
VISUALIZED;[93]
INITIAL;[93]
DEPOSITED;[93]
REPRESENTING;[93]
SESSION;[93]
KILOGRAM;[93, 123]
DEPOSITION;[93, 93]
ENTRY;[93]
POORLY;[93]
VENTILATED;[93]
DEPENDING;[93]
PRIMARILY;[93, 139]
VARIATIONS;[93, 108, 138, 149]
OCCASIONALLY;[97]
SYMPTOM;[97]
COMPLEX;[97]
ANEMIA;[97, 97]
HYPOPROTEINEMIA;[97]
EDEMA;[97]
INSTANCES;[97, 122]
MISDIAGNOSED;[97]
SENSITIVITY;[97, 152]
HISTORIES;[97, 97]
VERIFY;[97]
HYPOALBUMINEMIA;[97]
CORRECTED;[97]
READILY;[97]
SUPPLEMENT;[97]
RETROSPECTIVE;[97]
REVIEW;[97]
FEEDING;[97]
BREAST;[97]
SOY;[97]
FORMULAS;[97]
DEVELOP;[97]
STAINED;[99]
DISTRESS;[99]
HYPOPLASTIC;[99]
LEFT;[99]
HEART;[99]
DOCUMENTED;[99]
UNSUSPECTED;[99]
HISTOLOGIC;[99]
SPREADING;[99]
LESIONS;[99, 100, 100, 149]
INTESTINES;[99]
COMPATIBLE;[99]
ABUNDANT;[99]
UNUSUAL;[99, 99]
INDICATING;[99]
UTERO;[99]
FORTUITOUS;[99]
CONGENITAL;[99]
CARDIAC;[99]
MALFORMATION;[99]
ALTERATIONS;[100, 124]
VASCULAR;[100, 100]
BED;[100]
MATERIAL;[100, 100, 100, 100, 131, 158, 166]
COR;[100]
PULMONALE;[100]
INTIMAL;[100, 100, 100, 100]
PROLIFERATION;[100, 100, 100]
MUSCULAR;[100]
ARTERIES;[100, 100, 100, 100]
ARTERIOLES;[100]
CALIBER;[100]
UNEXPECTED;[100]
INTERSTITIAL;[100]
HYALINE;[100]
ARTERY;[100]
SPECIMENS;[100, 161]
FIBERS;[100]
DISTORTED;[100]
DISRUPTED;[100]
UNRELATED;[100, 167]
MEDIAL;[100]
HYPERTENSION;[100]
DISORDERS;[100, 117]
AORTA;[100]
SCHIFF;[100]
REACTIVE;[100]
HISTOCHEMICAL;[100]
CONNECTIVE;[100]
SYNTHESIS;[108, 166]
UPTAKE;[108, 108, 108]
HEPARIN;[108, 108, 108]
SULPHONATE;[108]
SUPPLEMENTED;[108]
AUTOCHTHONOUS;[108]
FOURTEEN;[108]
CULTURES;[108, 122, 148, 161, 161, 161]
TWENTY;[108, 155]
PARTIAL;[108]
DIFFERENTIATES;[108]
DIFFERENTIATE;[108, 149]
HOPED;[108]
CILIARY;[108, 122]
DYSKINESIS;[108]
PERMIT;[108]
UNEQUIVOCAL;[108]
IDENTIFICATION;[108, 143]
CARRIERS;[108, 143]
ASSESSMENT;[113, 127, 127, 155]
INTELLIGENCE;[113]
DRAW;[113]
SCHOOL;[113, 127]
RESECTION;[113]
ILEUM;[113]
MENTAL;[113]
RETARDATION;[113]
MOLECULES;[114]
STIMULATE;[114]
INDIVIDUAL;[114, 123]
SELLS;[114]
ANIMAL;[114]
MARINE;[114]
INVERTEBRATE;[114]
SIPUNCULUS;[114]
EVOKED;[114, 114]
LABILE;[114]
FACTORS;[114, 114, 114, 141]
TEARS;[114]
WITHSTOOD;[114]
FREEZE;[114]
THAWING;[114]
INCUBATION;[114, 122, 122, 143]
ALPHAAMYLASE;[114]
ABERRANT;[114]
TYPE;[114, 141, 141, 141]
FETAL;[117]
MALFORMATIONS;[117, 117, 117]
HOPE;[117]
OBSTETRICIANS;[117]
PAEDIATRICIANS;[117]
GENETICISTS;[117]
GENE;[117, 122]
CHROMOSOME;[117, 117]
MUTATIONS;[117]
MUST;[117]
REMAIN;[117]
DREAM;[117]
INTRODUCTION;[117]
MID;[117]
TRIMESTER;[117]
AMNIOCENTESIS;[117]
SELECTIVE;[117]
ABORTION;[117]
FETUSES;[117]
TEMPORARY;[117]
EXPEDIENT;[117]
AMENABLE;[117]
APPROACH;[117]
ABERRATIONS;[117]
NEURAL;[117]
SPINA;[117]
BIFIDA;[117]
CYSTICA;[117]
RECESSIVELY;[117]
INHERITED;[117]
LINKED;[117]
PRESUMPTIVE;[122]
INDICATES;[122, 131]
PATHOPHYSIOLOGIC;[122]
ANAPHYLATOXIN;[122, 122, 122]
PHYSIOLOGICAL;[122]
TOGETHER;[122, 166]
BIOASSAY;[122, 122]
COMPARE;[122, 161]
FAVORABLY;[122]
MOLECULAR;[122, 139]
INACTIVE;[122]
DYSKINESIA;[122]
CDF;[122, 122, 122, 122]
CONVERTED;[122]
EPSILON;[122]
CAPROIC;[122]
EACA;[122, 122, 122]
CARBOXYPEPTIDASE;[122, 122, 122]
LIKE;[122, 122, 148]
INACTIVATOR;[122, 122]
ACCUMULATING;[122]
ANAPHYLATOXINS;[122]
FRESH;[122]
REVERSION;[122]
DEFECTIVE;[122]
DEFICIENTIN;[122]
PRIMARY;[122, 156]
ASCORBIC;[123, 123, 123, 123, 123, 123]
ACTING;[123, 123]
EXERT;[123]
BACTERIOSTATIC;[123]
ACTION;[123, 123]
OXIDATION;[123]
INOCULUM;[123]
SULPHAMETHOXAZOLE;[123, 123]
TRIMETHOPRIM;[123, 123]
SEPTRIN;[123]
AMPICILLIN;[123]
CHLORAMPHENICOL;[123]
COLISTIN;[123]
SULPHATE;[123]
ACTS;[123]
SYNERGISTICALLY;[123]
EXPERIMENTS;[123]
MICE;[123]
CURVATIVE;[123]
MILLIGRAMMES;[123]
LOWERED;[123]
ADMINISTERED;[123, 127, 127, 159]
ADMINISTRATION;[123]
BACTRIM;[123]
ROCHE;[123]
ORGANISMS;[123, 161]
DIMINISHED;[123, 150]
NET;[124]
ECCRINE;[124]
RESULTING;[124]
ERYTHROCYTES;[124, 140]
HOMOGENATE;[124]
EXPRESS;[124]
SITUATION;[124]
INTACT;[124]
OUABAIN;[124, 124, 124, 124, 140, 140, 140, 140, 140]
DIPLOID;[124]
APPRECIABLE;[124]
SITES;[124, 124]
UNABLE;[124, 140]
OBSERVE;[124]
KINETICS;[124, 124]
FREE;[124]
BUFFERED;[124]
SALINE;[124]
SOLUTION;[124]
ESSENTIALLY;[124]
HELA;[124, 143]
ASSESS;[127, 144]
PSYCHOSOCIAL;[127, 127]
ADJUSTMENT;[127, 127]
INSTRUMENTS;[127, 127]
STANDARDIZED;[127]
OPEN;[127]
ENDED;[127]
INTERVIEW;[127, 127]
SELF;[127, 127]
TEACHER;[127]
QUESTIONNAIRE;[127]
DEMOGRAPHIC;[127]
ENABLED;[127]
NURSE;[127]
PRACTITIONER;[127, 134]
MAKE;[127]
CHECKED;[127]
VALIDITY;[127]
WORKER;[127]
IMPLICATIONS;[127]
RESEARCH;[127]
BILE;[129, 129]
OCCURS;[129, 139]
OCCUR;[129]
SECONDARY;[129]
SEMIQUANTITATIVE;[131]
ANALYSES;[131]
CHYMOTRYPSIN;[131, 131]
FAECES;[131]
SAMPLE;[131, 131, 150]
SHAKEN;[131]
BUFFER;[131, 131]
SOLUTIONS;[131]
CONTAINING;[131, 159]
SUBSTRATE;[131]
INCUBATED;[131]
AMOUNT;[131]
COLOUR;[131, 131]
VIOLET;[131]
YELLOW;[131]
GREEN;[131]
HELEN;[131]
MATERNITY;[131]
AUCKLAND;[131]
DIARRHEA;[134, 134, 134, 134]
EXCESS;[134, 134]
FECES;[134]
PHYSICIAN;[134]
NEIGHBOR;[134]
WATERY;[134]
MUCH;[134]
GUT;[134]
PATHOLOGIC;[134, 156]
AFFLICT;[134]
ALIMENTARY;[134]
IMPROVED;[134]
CAPABILITY;[134]
DIAGNOSE;[134, 134]
MANAGE;[134]
INTEREST;[134]
ACADEMICIANS;[134]
EXTRAORDINARILY;[134]
PRACTICES;[134]
SUBSTANTIAL;[134]
PERPLEXING;[134]
POOL;[134]
POOPERS;[134]
FORTUNATELY;[134]
SERIOUSLY;[134]
ATTEMPTS;[134]
HELP;[134]
UNDERSTAND;[134]
TREAT;[134]
SPECULATE;[134]
MECHANISMS;[134]
MANAGEMENT;[134, 148]
IDIOPATHIC;[134]
RETROGRADE;[137]
ASSAY;[137, 137]
MAGOS;[137]
INHIBITORY;[137, 137, 137, 137]
SECOND;[137]
PAROTID;[137, 137, 137]
RAT;[137, 137]
CONTROLLING;[137]
QUANTITY;[137]
PERFUSED;[137, 137, 137]
MILLILITERS;[137]
DRY;[137]
FELL;[137]
REPORTING;[137]
PERCENTAGE;[137, 137, 137]
INHIBITION;[137, 137, 137, 141]
RNA;[137, 137, 137, 137, 138, 138, 143, 143, 143, 143, 143, 143]
ABLE;[137]
EXIST;[137]
PLUS;[137, 137, 137, 137, 137, 137, 137, 137, 137, 137, 137, 145]
MINUS;[137, 137, 137, 137, 137, 137, 137, 137, 137, 137, 137, 145]
SUBLINGUAL;[137]
SUBMUCOSAL;[137]
DEMONSTRATE;[137]
METHYLATION;[138, 138, 143, 143, 143, 143]
NUCLEIC;[138, 138]
TRNA;[138, 143, 143, 143]
RRNA;[138, 143, 143, 143, 143]
REASONS;[138]
DISCERN;[138]
CARRIER;[138]
OBSCURE;[138]
PRECIPITABLE;[139]
CAPP;[139, 139, 139, 139, 139, 139, 139, 139, 139, 139, 139]
TURBIDITY;[139]
SUBMAXILLIARY;[139]
SMS;[139, 139, 139, 139]
PREPARATIVE;[139]
CONTAINS;[139, 140]
SERINE;[139]
GLYCINE;[139]
GLUTAMIC;[139]
RESIDUES;[139]
PHOSPHORUS;[139]
MONOESTER;[139]
CARBOHYDRATE;[139]
AGGREGATION;[139, 139]
IONIC;[139]
ENHANCED;[139]
AGGREGATED;[139]
BINDS;[139]
MOLAR;[139]
QUANTITIES;[139]
EQUAL;[139, 150, 152, 152]
PROSTHETIC;[139]
REMOVES;[139]
ELIMINATES;[139]
ELECTROPHORETIC;[139]
COMPOSITIONAL;[139]
CONTRIBUTE;[139]
TURBID;[139]
DUCTS;[139]
PLAY;[139]
CHARACTERIZE;[139]
MONOVALENT;[140, 140]
CATION;[140]
RBC;[140, 140, 140, 140, 140, 140, 140, 140]
HOMOZYGOUS;[140]
TRUE;[140]
SIMILARLY;[140]
INSENSITIVE;[140, 140]
ACCUMULATION;[140]
LIKEWISE;[140]
DEFINING;[140]
ABNORMALITY;[140, 149]
ENTITY;[140]
DOCUMENT;[140]
INVOLVED;[140]
WHETHER;[140, 151]
CAPABLE;[140]
ALTERING;[140]
SEPHADEX;[141]
ELECTROFOCUSING;[141, 141]
GELS;[141, 141]
STI;[141, 141, 141, 141]
FRACTION;[141, 141, 141]
QUANTITATIVE;[141, 151, 155]
SUBSEQUENT;[141]
BAND;[141, 141, 141, 141, 150, 150, 150, 150]
MISSING;[141, 141, 141]
RESTRICTED;[141]
NARROW;[141]
CENTER;[141]
EXTEND;[141]
EARLIER;[141]
CONSEQUENTLY;[141]
COMPREHENSIVE;[143]
VOLUNTEERS;[143]
EXPONENTIAL;[143]
METHYL;[143, 143]
METHIONINE;[143]
URIDINE;[143]
COUNTS;[143]
MINUTE;[143]
SERVES;[143]
HYDROLYZED;[143]
DIMENSIONAL;[143]
AUTORADIOGRAPHY;[143]
METHYLATED;[143, 143]
NUCLEOSIDE;[143]
AGREE;[143]
EURKARYOTE;[143]
YEAST;[143]
MOUSE;[143]
CHICKEN;[143]
PATTERNS;[143, 150, 150]
QUALITATIVELY;[143, 143]
DEFICIENT;[143]
PROVE;[143]
MAXIMAL;[144]
MEFV;[144, 144, 144]
AIR;[144, 144, 144, 144, 155, 155]
HELIUM;[144, 144, 144, 144, 144]
MIXTURE;[144, 144]
VITAL;[144]
RATIOS;[144, 144, 155, 155]
SUPERIMPOSED;[144]
PIF;[144, 144, 144, 144]
DEVIATIONS;[144]
NONE;[144]
FVC;[144]
MMEF;[144]
TLC;[144, 144, 144, 144]
VMAX;[144, 144]
ARTERIAL;[144, 148]
BOLUS;[144]
DETERMINATION;[144]
NONINVASIVE;[144]
INTELLECTUAL;[145, 145]
PERFORMANCE;[145]
SENSORY;[145]
MOTOR;[145, 145]
ABILITIES;[145]
ADAPTATION;[145]
INFANCY;[145, 145]
CONSISTED;[145]
SOCIOECONOMIC;[145, 145]
DEPRIVATION;[145]
MERRILL;[145]
PALMER;[145]
FAVOR;[145]
WISC;[145]
WAIS;[145]
LINCOLN;[145]
OSERETSKY;[145]
VINELAND;[145]
MATURITY;[145]
AFFECT;[145]
BEYOND;[145]
CHARACTERIZED;[148]
BRONCHIOLITIS;[148]
THRIVE;[148]
MARKED;[148]
HYPOXEMIA;[148]
MICROORGANISMS;[148]
KLEBSIELLA;[148]
ESCHERICHIA;[148]
COLI;[148]
CORTICOSTEROIDS;[148]
VIGOROUS;[148]
ANTIBIOTICS;[148, 152]
DELAY;[148]
ONSET;[148]
AFFECTING;[148]
SURVIVAL;[148]
SUPPORTS;[148]
DEVELOPING;[148]
RELIABLE;[148]
SCREEN;[148]
SPLEEN;[149]
SCANS;[149]
RETROSPECTIVELY;[149]
REGARD;[149, 152, 160]
YIELD;[149]
SCAN;[149, 149, 149, 149, 149]
PREDICTED;[149]
CORRECTLY;[149, 149]
NORMALITY;[149]
PITFALLS;[149]
INTERPRETATION;[149]
INCLUDE;[149, 150]
NONSPECIFICITY;[149]
CONFUSION;[149]
EXTRINSIC;[149]
ANATOMICAL;[149]
PATHOLOGY;[149]
TECHNETIUM;[149]
SULFUR;[149]
SPLENIC;[149]
WORKING;[149]
ABDOMINAL;[149, 149]
MASSES;[149]
EVALUATING;[149]
TUMOR;[149]
BASELINE;[149]
FEVER;[149]
PAIN;[149]
DIFFUSE;[149]
INFLAMMATORY;[149]
ABSCESSES;[149]
FEBRILE;[149]
IODINE;[149]
BENGAL;[149]
POTENTIALLY;[149, 152]
CURABLE;[149]
CHOLEDOCHAL;[149]
CYSTS;[149]
SURGICALLY;[149]
TREATABLE;[149]
THIRDS;[150]
ABSENT;[150, 150]
LACKED;[150]
ISOAMYLASE;[150, 150, 150, 150]
REMAINDER;[150]
AVOIDING;[150]
INTUBATION;[150]
STOOLS;[150]
ZYMOGRAMS;[150]
NONINVASIVENESS;[150]
REQUIRING;[150]
SPECIFICITY;[150]
INDEPENDENCE;[150]
GASTRIC;[151, 151, 151]
MUCOSAL;[151]
BIOPSIES;[151]
UNTREATED;[151]
PRESECRETED;[151]
COMPACT;[151]
VISCID;[151, 151]
PRIOR;[151]
GENTAMICIN;[152, 161, 161, 161]
BROAD;[152]
SPECTRUM;[152, 152]
BACTERICIDAL;[152]
AMINOGLYCOSIDE;[152]
ANTIBIOTIC;[152]
TENTH;[152]
LEAGUE;[152]
TABLES;[152]
RANKED;[152]
DISC;[152]
URINARY;[152]
STAPH;[152]
REMARKABLE;[152]
BACTERIODES;[152]
STREPTOCOCCI;[152]
OMISSIONS;[152]
MIC;[152]
REQUIRE;[152]
AIMED;[152]
PEAK;[152]
INTRAVENOUS;[152]
WORKERS;[152]
TOXIC;[152, 159]
TRY;[152]
EXCEEDING;[152]
USEFULNESS;[155]
ASSISTED;[155]
SCANNING;[155]
SCINTIPHOTOGRAPHS;[155]
RADIOGRAPHS;[155]
FRACTIONAL;[155]
EXCHANGES;[155]
RADIOGRAPH;[155]
GRADIENTS;[155]
REVERSED;[155]
PATS;[155]
PREDOMINANTLY;[155]
UNEVEN;[155]
ASSESSING;[155]
ENDOSCOPIC;[156]
PANCREATICOGRAPHIC;[156]
PROVED;[156, 156]
PANCREATITIS;[156]
DUCTOGRAMS;[156]
ALLOWING;[156]
PROPER;[156]
THEREOF;[156]
ISOLATING;[156]
SURGERY;[156]
QUANTITATED;[158]
DETAIL;[158]
SHOWS;[158]
DISCRIMINATE;[158]
INITIALLY;[159]
RECOMMENDED;[159]
INTRAMUSCULARLY;[159]
ERADICATE;[159]
DISCONTINUING;[159]
THIRTY;[160]
PATHOGEN;[160]
SUPPLANTED;[160]
ADVANCED;[160]
COMPARABLE;[160]
RAISED;[160]
PREDOMINANT;[160]
DIFFER;[160]
PREVALENT;[160]
INFECTING;[160]
NONMUCOID;[161, 161, 161, 161]
SWAB;[161, 161, 161]
FORMS;[161]
SUSCEPTIBLE;[161, 161, 161]
REAL;[161]
MACROPHAGES;[166, 166]
BRONCHIAL;[166]
HISTOCHEMICALLY;[166]
GLUCURONIDASE;[166, 166]
GLUCOSAMINIDASE;[166]
VACUOLES;[166]
STORAGE;[166]
PARTIALLY;[166]
DIGESTED;[166]
APART;[166]
MUCOPOLYSACCHARIDES;[166]
DEGRADATION;[166]
MUCOSUBSTANCES;[166]
STATISTICALLY;[167]
ABH;[167]
SUBSTANCES;[167]
